{"putFieldDataCriteria":[{"namespaces":[],"fieldData":{"field":[{"fieldIdentifier":{"complexType":"FieldIdentifier","source":"PREDIX_ASSET"},"parents":[]}],"data":{"complexType":"MetaData","name":"compressor-2017","description":"Industrial Compressor for RMD Reference App","source":"PREDIX_ASSET","tags":["Oil & Gas","Compressor"]}}},{"namespaces":[],"fieldData":{"field":[{"fieldIdentifier":{"complexType":"FieldIdentifier","source":"PREDIX_ASSET"},"parents":[]}],"data":{"complexType":"DataFile"}}}]}
