
{
  "development": {
    "note": "Out of the box, the predix-webapp-starter app uses mock data, so these values are not required.  Set these values for connecting to real Predix services.",
    "uaaURL": "https://a4dc120f-f7fc-4689-b944-94885d69ecf7.predix-uaa.run.aws-usw02-pr.ice.predix.io",
    "base64ClientCredential": "cm9zZS1nYXJkZW4tc3BjYXBwOlJvc2VHYXJkZW5EZW1vMDkxOA==",
    "loginBase64ClientCredential": "cm9zZS1nYXJkZW4tc3BjYXBwOlJvc2VHYXJkZW5EZW1vMDkxOA==",
    "appURL": "http://localhost:5000",
    "timeseriesURL": "{Time Series URL from VCAPS}",
    "timeseriesZoneId": "{The Zone ID for the Timeseries Service Created}",
    "assetURL": "{Asset URL from VCAPS}",
    "assetZoneId": "{The Zone ID for the Asset Service Created}",
    "windServiceURL": "{URL of the microservice <your-name>-winddata-timeseries-service}, e.g.  https://your-name-winddata-timeseries-service.run.asw-usw02-pr.predix.io",
    "websocketServerURL": "/livestream",
    "rmdDatasourceURL": "{URL of your RMD datasource microservice}",
    "rmdDocsURL": "https://raw.githubusercontent.com/PredixDev/predix-rmd-ref-app/master/README.md",
    "dataExchangeURL": "{URL of your data exchange microservice}",
    "timeSeriesOnly": "false"
  }
}